0ed653ab-62ba-4deb-8348-3086ab46961c	exit_0	0	0	/paperclip/instances/default/workspaces/476c8023-3635-45bb-9f71-db6f4f5700e1/buywhere-api/reports/BUY-53685-0ed653ab-62ba-4deb-8348-3086ab46961c-dryrun.log
19dcd635-1d2b-4e41-9950-5865876e12b2	exit_0	0	0	/paperclip/instances/default/workspaces/476c8023-3635-45bb-9f71-db6f4f5700e1/buywhere-api/reports/BUY-53685-19dcd635-1d2b-4e41-9950-5865876e12b2-dryrun.log
2e68d8a0-9b0e-4573-8185-323edaabb186	exit_0	0	0	/paperclip/instances/default/workspaces/476c8023-3635-45bb-9f71-db6f4f5700e1/buywhere-api/reports/BUY-53685-2e68d8a0-9b0e-4573-8185-323edaabb186-dryrun.log
3ec8f6dd-1735-4479-9825-a2c42edac34c	exit_0	0	0	/paperclip/instances/default/workspaces/476c8023-3635-45bb-9f71-db6f4f5700e1/buywhere-api/reports/BUY-53685-3ec8f6dd-1735-4479-9825-a2c42edac34c-dryrun.log
4df23039-272b-4621-9d77-7cf9b7121242	exit_0	0	0	/paperclip/instances/default/workspaces/476c8023-3635-45bb-9f71-db6f4f5700e1/buywhere-api/reports/BUY-53685-4df23039-272b-4621-9d77-7cf9b7121242-dryrun.log
5bc984ee-e2d2-4312-9e6c-b2864524a21f	ok	0	0	/paperclip/instances/default/workspaces/476c8023-3635-45bb-9f71-db6f4f5700e1/buywhere-api/reports/BUY-53685-5bc984ee-e2d2-4312-9e6c-b2864524a21f-dryrun.log
708a8ce4-96dd-409d-94e7-a91d5032e4e0	exit_0	0	0	/paperclip/instances/default/workspaces/476c8023-3635-45bb-9f71-db6f4f5700e1/buywhere-api/reports/BUY-53685-708a8ce4-96dd-409d-94e7-a91d5032e4e0-dryrun.log
7fb55262-e658-45e2-88c0-b0e8ccc5ad6c	exit_0	0	0	/paperclip/instances/default/workspaces/476c8023-3635-45bb-9f71-db6f4f5700e1/buywhere-api/reports/BUY-53685-7fb55262-e658-45e2-88c0-b0e8ccc5ad6c-dryrun.log
a29ac9dc-cf0a-455b-964c-e75bd2f5fc47	exit_0	0	0	/paperclip/instances/default/workspaces/476c8023-3635-45bb-9f71-db6f4f5700e1/buywhere-api/reports/BUY-53685-a29ac9dc-cf0a-455b-964c-e75bd2f5fc47-dryrun.log
bf810416-2f4c-4c4b-b27c-1270ea6f20b3	exit_0	0	0	/paperclip/instances/default/workspaces/476c8023-3635-45bb-9f71-db6f4f5700e1/buywhere-api/reports/BUY-53685-bf810416-2f4c-4c4b-b27c-1270ea6f20b3-dryrun.log
c2850c54-3396-420a-b7c3-92faae3137c1	ok	0	0	/paperclip/instances/default/workspaces/476c8023-3635-45bb-9f71-db6f4f5700e1/buywhere-api/reports/BUY-53685-c2850c54-3396-420a-b7c3-92faae3137c1-dryrun.log
d70ff7b3-e26b-4d23-8e05-bfc5d6f7a342	exit_0	0	0	/paperclip/instances/default/workspaces/476c8023-3635-45bb-9f71-db6f4f5700e1/buywhere-api/reports/BUY-53685-d70ff7b3-e26b-4d23-8e05-bfc5d6f7a342-dryrun.log
f6a39f3c-210b-479b-a8e7-c78491c120e9	exit_0	0	0	/paperclip/instances/default/workspaces/476c8023-3635-45bb-9f71-db6f4f5700e1/buywhere-api/reports/BUY-53685-f6a39f3c-210b-479b-a8e7-c78491c120e9-dryrun.log
timestamp	2026-06-19T16:20:55Z
date	2026-06-19
