merchant_id,domain,feed_url,feed_type,item_count,validated_at,last_http_status,sample_item_url,sample_item_title,validation_error
000swiftcart.shop,000swiftcart.shop,https://000swiftcart.shop/collections/all.atom,atom,25,2026-08-28T16:45:57.573621+00:00,200,https://000swiftcart.shop/products/all-in-one-fabric-stain-remover,All in One Fabric Stain Remover (Buy 1 Get 1 Free),
000d3a21-48b4-5ad6-962e-fbfaaf3e24d388559a70,sterlingmusic.in,https://sterlingmusic.in/collections/all.atom,atom,25,2026-08-28T16:45:57.583361+00:00,200,https://sterlingmusic.in/products/daddario-pws107-polypro-guitar-strap-green,D Addario PWS107 PolyPro Guitar Strap - Green,
00144133-8f5e-5200-8fcc-5b94c6efefde2671029d,herbalcure.online,https://herbalcure.online/collections/all.atom,atom,5,2026-08-28T16:45:57.662572+00:00,200,https://herbalcure.online/products/combo-of-piles-free-pro-capsule-and-powder,Combo of Piles free Pro Capsule and Powder,
0000studios.com,0000studios.com,https://0000studios.com/collections/all.atom,atom,25,2026-08-28T16:45:57.671273+00:00,200,https://0000studios.com/products/hooligan-patch-set,Hooligan Patch Set,
000c2a6e-cbee-50d1-b542-9184400ed1f6e73ba3a9,cavinkart.com,https://cavinkart.com/collections/all.atom,atom,25,2026-08-28T16:45:57.921147+00:00,200,https://cavinkart.com/products/ruchi-magic-garlic-pickle-300-gm,"Ruchi Magic Garlic Pickle, 300 gm",
0011539d-fd34-5847-a51c-1e3bc0a3e84c21422bb2,nyra-s-art-interior-boutique.myshopify.com,https://nyra-s-art-interior-boutique.myshopify.com/collections/all.atom,atom,25,2026-08-28T16:45:58.171040+00:00,200,https://nvdclifestyle.ca/products/abstract-flower-pot,Candle Holder,
000cebd4-4c8c-52cc-92af-478faf990d0bf4ed2c96,d33708-2.myshopify.com,https://d33708-2.myshopify.com/collections/all.atom,atom,11,2026-08-28T16:45:58.253270+00:00,200,https://d33708-2.myshopify.com/products/unisex-hoodie,Unisex hoodie,
0000art.com,0000art.com,https://0000art.com/collections/all.atom,atom,25,2026-08-28T16:45:58.268173+00:00,200,https://www.0000art.com/products/men-s-nike-tech-fleece-sweatsuit-sportswear-tracksuit,Men’s Nike Tech Fleece Sweatsuit Sportswear Tracksuit,
00023f7f-a05e-5e97-ad07-c0aa0fcc2dbab336a4fd,lalo-alcaraz-art-shop.myshopify.com,https://lalo-alcaraz-art-shop.myshopify.com/collections/all.atom,atom,25,2026-08-28T16:45:58.277842+00:00,200,https://lalo-alcaraz-art-shop.myshopify.com/products/melt-ice-matte-vertical-art-print-by-lalo-alcaraz,"""MELT ICE"" Matte Vertical Art Print by Lalo Alcaraz",
000de8-2.myshopify.com,000de8-2.myshopify.com,https://000de8-2.myshopify.com/collections/all.atom,atom,25,2026-08-28T16:45:58.323367+00:00,200,https://000de8-2.myshopify.com/products/london-long-dress,London long dress,
0013b495-20e4-505c-a359-c82e1acaeb44c6c62e40,stand-up-records.myshopify.com,https://stand-up-records.myshopify.com/collections/all.atom,atom,25,2026-08-28T16:45:58.338149+00:00,200,https://standuprecords.com/products/jimmy-shubert-clown-shoes-download,Jimmy Shubert - Clown Shoes (download),
0001a40b-83ba-55e4-9342-8e49d7bcfd4e9669694f,libertyflags-com.myshopify.com,https://libertyflags-com.myshopify.com/collections/all.atom,atom,25,2026-08-28T16:45:58.357387+00:00,200,https://libertyflags.com/products/marine-corps-polyester-outdoor-flags,Marine Corps Polyester Outdoor Flags,
0009b2c5-fc36-52e6-a7c2-93516168d53c5d12b037,93f3ad-b4.myshopify.com,https://93f3ad-b4.myshopify.com/collections/all.atom,atom,25,2026-08-28T16:45:58.416896+00:00,200,https://spcraftypartyfavors.com/products/custom-beer-bottle-can-labels-personalized-beer-labels-by-the-dozen,Custom Beer Bottle & Can Labels | Personalized Beer Labels by the Dozen,
000a8869-0464-58df-82d0-a743c0a1874fc0fa7e1b,tm-shopify039-computers.myshopify.com,https://tm-shopify039-computers.myshopify.com/collections/all.atom,atom,18,2026-08-28T16:45:58.443627+00:00,200,https://tm-shopify039-computers.myshopify.com/products/intel-pentium-dual-core-processor,Intel Pentium Dual-Core Processor,
0010a86a-b6f6-566d-8200-a53c1c62828dd2729363,shirtstop.us,https://shirtstop.us/collections/all.atom,atom,25,2026-08-28T16:45:58.450270+00:00,200,https://www.shirtstop.us/products/keshet-girls-plaid-hair-clip-2-pack-cl2652,Keshet Girls Plaid Hair Clip 2 Pack - CL2652,
00044cea-b6f4-5df4-b042-d8d8379798e11b25b3b5,team-systems-equip2go.myshopify.com,https://team-systems-equip2go.myshopify.com/collections/all.atom,atom,14,2026-08-28T16:45:58.485080+00:00,200,https://teamsystems.net.au/products/60kg-rated-folding-shopping-trolley-with-bag,60kg Rated Folding Shopping Trolley with Bag,
001428ee-22fb-5685-b0b4-0bd8c4186389459ab004,nail-hoot.myshopify.com,https://nail-hoot.myshopify.com/collections/all.atom,atom,25,2026-08-28T16:45:58.547582+00:00,200,https://nailhoot.com/products/coozie,Coozie,
000-media.myshopify.com,000-media.myshopify.com,https://000-media.myshopify.com/collections/all.atom,atom,25,2026-08-28T16:45:58.579800+00:00,200,https://000magazine.com/products/2020-s-collection,2020 Collection (013-016) + Slipcase,
00139e7c-0e27-5e3c-8dac-23af0b704748b6b49e5e,astra-9367.myshopify.com,https://astra-9367.myshopify.com/collections/all.atom,atom,25,2026-08-28T16:45:58.639079+00:00,200,https://celesteastra.com/products/radiant-halo-pink-high-carbon-diamond-sterling-silver-ring-r76,Radiant Halo Pink High Carbon Diamond Sterling Silver Ring-R76,
0001adff-e2c4-5652-a9e7-5eb88d0c8dfd9409a302,458dc8-2.myshopify.com,https://458dc8-2.myshopify.com/collections/all.atom,atom,25,2026-08-28T16:45:58.692542+00:00,200,https://www.cressi.com.br/products/pelicula-antiembacante-mascara-mergulho-1-lente-920029981,Película Anti-Fog Cetus Clear Vision 1 Lente,
001386cc-49c1-5ef0-9ff5-c1a5141075bdcc47d38b,serendipity-trove.myshopify.com,https://serendipity-trove.myshopify.com/collections/all.atom,atom,25,2026-08-28T16:45:58.729465+00:00,200,https://www.serendipitytrove.com/products/santas-delight-cookie-platters,"""Santa's Delight"" - Cookie platters",
000516b7-9de1-52c6-bbad-caceed2af7cf684fa94c,bldonline.myshopify.com,https://bldonline.myshopify.com/collections/all.atom,atom,25,2026-08-28T16:45:58.738710+00:00,200,https://brassliondistillery.com/products/rangu,Rangu,
0010d27a-9491-51ae-b084-b19c3d25bd5f397cfe90,triplestudio.myshopify.com,https://triplestudio.myshopify.com/collections/all.atom,atom,25,2026-08-28T16:45:58.980884+00:00,200,https://www.triplestudio.com/products/puffin-bird-art-print,Puffin Bird Art Print,
0003f3-c4.myshopify.com,0003f3-c4.myshopify.com,https://0003f3-c4.myshopify.com/collections/all.atom,atom,25,2026-08-28T16:45:59.029653+00:00,200,https://www.badgcustoms.com/products/triumph-speed-twin-1200-cafe-racer-edition-saddlebags-tcr01-set-of-2,Triumph Speed Twin 1200 Cafe Racer Edition Saddlebags - TCR01 (Set of 2),
0012e11e-9fe9-571f-b954-9a86d514128c71422281,jackhafford.com,https://jackhafford.com/collections/all.atom,atom,25,2026-08-28T16:45:59.070780+00:00,200,https://jackhafford.com/products/drakos-croc-embossed-ankle-boots,Drakos Croc-Embossed Ankle Boots,
0000williamjames.com,0000williamjames.com,https://0000williamjames.com/collections/all.atom,atom,25,2026-08-28T16:45:59.137674+00:00,200,https://0000williamjames.com/products/uniform-camel-wool-shorts,"""UNIFORM"" CAMEL WOOL SHORTS",
0011b56f-094a-50b4-a6c0-a2a3bb46ddbbfbe3532d,essaimons.myshopify.com,https://essaimons.myshopify.com/collections/all.atom,atom,25,2026-08-28T16:45:59.259220+00:00,200,https://essaimons.myshopify.com/products/boite-longue,Boîte longue en matière PLAXTIL,
00173698-1de8-58b7-a9d4-8f06bc247bf287359c0f,kosamo.myshopify.com,https://kosamo.myshopify.com/collections/all.atom,atom,25,2026-08-28T16:45:59.354761+00:00,200,https://kosamo.com/products/ongi-chest-ritual-oil,Ongi Chest Ritual Oil,
00135fa5-ed38-5d2e-a0cc-7005fa4bfe888526ca15,sports-cartel-online.myshopify.com,https://sports-cartel-online.myshopify.com/collections/all.atom,atom,25,2026-08-28T16:45:59.560858+00:00,200,https://www.sports-cartel.com/products/sc-portugal-tshirt,SC Portugal Tshirt,
001d72a8-05db-5f73-8b64-af00dda073862f2ca70d,mithrascollection.myshopify.com,https://mithrascollection.myshopify.com/collections/all.atom,atom,25,2026-08-28T16:45:59.713993+00:00,200,https://www.mithrascollection.com/products/0061-vibrant-zinnia,Zinnia Watercolor – Vibrant Floral Botanical Art,
0020dda3-a2bf-520a-9f14-7a64a8d770b54d55713a,mirror-and-hammer-films.myshopify.com,https://mirror-and-hammer-films.myshopify.com/collections/all.atom,atom,2,2026-08-28T16:45:59.715440+00:00,200,https://mirror-and-hammer-films.myshopify.com/products/the-shape-of-water-dvd,The Shape of Water DVD,
002f5d30-015a-5153-9ec5-0db246f922ee3b99bcca,izelapparel.com,https://izelapparel.com/collections/all.atom,atom,25,2026-08-28T16:45:59.738701+00:00,200,https://izelapparel.com/products/nayel,NAYEL,
002447d6-f1b0-508d-a89b-123f1f8662c395ae6d02,atc-button-animation-demo.myshopify.com,https://atc-button-animation-demo.myshopify.com/collections/all.atom,atom,25,2026-08-28T16:45:59.764158+00:00,200,https://atc-button-animation-demo.myshopify.com/products/bata-womens-slip-on-sandal,Bata Women's Slip-on Sandal,
00157523-f44f-5d4e-a5e5-f13650369898d9b747d9,toolsteal.myshopify.com,https://toolsteal.myshopify.com/collections/all.atom,atom,25,2026-08-28T16:45:59.784348+00:00,200,https://rafsupply.com/products/milwaukee-2831-20-m18-fuel-6-1-2-in-plunge-track-saw-new,"Milwaukee 2831-20 M18 FUEL 6-1/2 in. Plunge Track Saw, New",
001477f6-fb20-5087-92df-c76de414379be30f41fa,nazarethdepinte.myshopify.com,https://nazarethdepinte.myshopify.com/collections/all.atom,atom,24,2026-08-28T16:45:59.788908+00:00,200,https://nazarethdepinte.myshopify.com/products/t-kinderkasteeltje,'t Kinderkasteeltje,
00062779-634d-5871-8a1e-e9b1081f0d936a3b0da2,polargas.myshopify.com,https://polargas.myshopify.com/collections/all.atom,atom,9,2026-08-28T16:45:59.815545+00:00,200,https://polar-gas.com/products/leaker-sealer-solution-with-hose,Leak Sealer Solutions with Hose,
000f47be-64b9-573a-9d3c-0a613224ccca8e7980a1,thewonkyfoodco.myshopify.com,https://thewonkyfoodco.myshopify.com/collections/all.atom,atom,4,2026-08-28T16:45:59.839782+00:00,200,https://wonkyfoodco.com/products/sweet-tomato-relish,Sweet Tomato Relish,
001.qwirkygear.com,001.qwirkygear.com,https://001.qwirkygear.com/collections/all.atom,atom,25,2026-08-28T16:45:59.851365+00:00,200,https://001.qwirkygear.com/products/bulldog-gold-t-shirt-authentic-grade-a-plus-eugenia-hamilton-elementary-alumni-bulldogs-mom-design,Bulldog Gold T-shirt - Authentic Grade A Plus Eugenia Hamilton Elementary Alumni Bulldogs Mom Design,
002746d2-f054-52a4-8c28-db695336ae003f078f41,protein-essentials.myshopify.com,https://protein-essentials.myshopify.com/collections/all.atom,atom,7,2026-08-28T16:45:59.888580+00:00,200,https://proteinessentials.com/products/chicken-instabroth-just-like-bone-broth,"InstaBroth®, Chicken",
002f72cf-41a5-507c-b3d5-c64f73049321076decf5,playtech.co.nz,https://playtech.co.nz/collections/all.atom,atom,25,2026-08-28T16:45:59.901439+00:00,200,https://playtech.co.nz/products/the-fairway-ultra,The Fairway Ultra,
002e3300-57fd-58ec-95aa-ae5145d8bc30dea985e8,wbbarber.com,https://wbbarber.com/collections/all.atom,atom,25,2026-08-28T16:45:59.922253+00:00,200,https://wbbarber.com/products/oster-classic-76-blade-guide,Oster Classic 76 Blade Guide,
0002b0-2.myshopify.com,0002b0-2.myshopify.com,https://0002b0-2.myshopify.com/collections/all.atom,atom,25,2026-08-28T16:45:59.993253+00:00,200,https://shop.reidys.com/products/paxman-studenti-compensating-french-horn,Paxman Studenti compensating French Horn,
002b14f8-9f9d-5604-a7f4-a25eb8eabaf2f5da9c3d,deardahlia-tw.myshopify.com,https://deardahlia-tw.myshopify.com/collections/all.atom,atom,25,2026-08-28T16:46:00.018949+00:00,200,https://deardahlia-tw.myshopify.com/products/skin-conditioning-lip-eye-remover,【5折】淨膚溫和眼唇卸妝水,
002db0c7-82cb-50e3-a3e8-90e19f78c1e77098b8a0,porto-demo25.myshopify.com,https://porto-demo25.myshopify.com/collections/all.atom,atom,11,2026-08-28T16:46:00.045849+00:00,200,https://porto-demo25.myshopify.com/products/the-night-before,The Night Before,
001b51d8-e8be-5b44-9b60-742f999e8dd62ed51caf,tdg-jewelers.myshopify.com,https://tdg-jewelers.myshopify.com/collections/all.atom,atom,25,2026-08-28T16:46:00.061045+00:00,200,https://www.thediamondguys.com/products/3-10-carat-round-lab-grown-diamond,3.10 Carat Round Lab Grown Diamond,
001fa697-8660-5505-b77b-5db703342a2e79cfb8b1,jpnft.myshopify.com,https://jpnft.myshopify.com/collections/all.atom,atom,25,2026-08-28T16:46:00.174642+00:00,200,https://jpnfishingtackle.com/products/4140_bnew,CUTBALL SQueeZE [Brand New],
00094233-8ba0-5f5b-bd13-05e86fe4acd04e97411d,drink-high-water.myshopify.com,https://drink-high-water.myshopify.com/collections/all.atom,atom,9,2026-08-28T16:46:00.206275+00:00,200,https://www.drinkhighwater.com/products/mango-and-peach-12-x-250ml-trade,Mango and Peach - 12 x 250ml (Trade),
002.pickleballglobe.com,002.pickleballglobe.com,https://002.pickleballglobe.com/collections/all.atom,atom,25,2026-08-28T16:46:00.246883+00:00,200,https://002.pickleballglobe.com/products/american-gothic-pickleball-shirt,American Gothic Pickleball Shirt,
00243ddd-f218-50de-a9a1-93ffa5f036517abc8360,thinking-kids-press.myshopify.com,https://thinking-kids-press.myshopify.com/collections/all.atom,atom,25,2026-08-28T16:46:00.345982+00:00,200,https://thinkingkidspress.com/products/family-bible-study-bundle-the-kings-armor-help-your-kids-learn-and-love-the-bible,Family Bible Study Bundle: The King's Armor & Help Your Kids Learn and Love the Bible,
002941c1-9ce4-5186-abf1-8e5afe9f6d44b841d58f,ingredients-ldn.myshopify.com,https://ingredients-ldn.myshopify.com/collections/all.atom,atom,25,2026-08-28T16:46:00.368337+00:00,200,https://www.elleihome.com/products/vintage-tiny-salt-and-pepper-shakers,Antique Tiny Salt and Pepper Shakers,
002a2b-2.myshopify.com,002a2b-2.myshopify.com,https://002a2b-2.myshopify.com/collections/all.atom,atom,25,2026-08-28T16:46:00.445832+00:00,200,https://shop.arashiyama-grandmarche.jp/products/organic-dried-yomogi,乾燥よもぎ３個セット（よもぎ茶・よもぎ風呂用）,
0032e3be-61c9-5449-8be5-5b64e3400c0669375232,mightymeeple.com,https://mightymeeple.com/collections/all.atom,atom,25,2026-08-28T16:46:00.488537+00:00,200,https://mightymeeple.com/products/bolg-erebors-reckoning-extended-art-the-hobbit-eternal-legal,"Bolg, Erebor's Reckoning (Extended Art) [The Hobbit: Eternal-Legal]",
003d42d0-ae3c-5f21-9885-9b64d5cec3d81cd43b0d,paperwallet.com,https://paperwallet.com/collections/all.atom,atom,25,2026-08-28T16:46:00.535068+00:00,200,https://paperwallet.com/products/wayfarer,Wayfarer,
001r3i-v0.myshopify.com,001r3i-v0.myshopify.com,https://001r3i-v0.myshopify.com/collections/all.atom,atom,25,2026-08-28T16:46:00.629962+00:00,200,https://tctrailers.ca/products/aluminum-deck-over-trailer-20-foot-5-ton,Aluminum Deck Over Trailer 20 foot 5 ton,
0030c015-21cb-5312-b3ee-8e7f08e366168ef170e3,oldpathsnaturalmarket.myshopify.com,https://oldpathsnaturalmarket.myshopify.com/collections/all.atom,atom,25,2026-08-28T16:46:00.666937+00:00,200,https://oldpathsnaturalmarket.myshopify.com/products/piggy-paint-glamour-girl-nail-polish,Piggy Paint Glamour Girl Nail Polish,
001london.co.uk,001london.co.uk,https://001london.co.uk/collections/all.atom,atom,25,2026-08-28T16:46:00.713695+00:00,200,https://www.001london.co.uk/products/abdominal-regulation-express,Abdominal (Zhong Jiao) Regulation Express,
00186be1-64e3-5a9f-87e7-7f3e40191bf415443664,4wdc-emrx.myshopify.com,https://4wdc-emrx.myshopify.com/collections/all.atom,atom,2,2026-08-28T16:46:00.770296+00:00,200,https://myvitalstate.com/products/starter-kit,STARTER KIT,
002dfadb-9e66-53c8-abf2-ed5af951c56889e62558,mastermassage.myshopify.com,https://mastermassage.myshopify.com/collections/all.atom,atom,25,2026-08-28T16:46:00.820655+00:00,200,https://www.mastermassage.com/products/replacement-apollo-carrying-case-for-nathan,Replacement Apollo Carrying Case for Nathan,
00169f06-58a7-5047-ad67-aaf05a971494297bf13f,learningmedia.myshopify.com,https://learningmedia.myshopify.com/collections/all.atom,atom,25,2026-08-28T16:46:00.828430+00:00,200,https://learningmedia.bpp.com/products/professional-accounting-technician-role-scenario,Professional Accounting Technician Role Scenario,
0038efa8-2a16-5b4b-ad67-d8b117fb8076399fe138,nsscstore.myshopify.com,https://nsscstore.myshopify.com/collections/all.atom,atom,25,2026-08-28T16:46:01.015861+00:00,200,https://nsscstore.myshopify.com/products/foam-trucker-hat-1,Sideline Social Club Black Trucker Hat,
003574a0-d298-508b-b907-251ba2c5ef18ce275a4e,vivio-lighting.myshopify.com,https://vivio-lighting.myshopify.com/collections/all.atom,atom,25,2026-08-28T16:46:01.093518+00:00,200,https://www.viviolighting.com/products/5-blade-52-dc-motor-fan-nk-silver-walnut-blades-3k-4k-5k-dual-mount,"5-Blade 52"" DC Motor Fan NK-Silver/Walnut Blades 3K, 4K, 5K Dual Mount",
0033d033-92c7-5829-bdb8-c2ca220f4b1fcf81b7a3,ohh-my-glo.myshopify.com,https://ohh-my-glo.myshopify.com/collections/all.atom,atom,20,2026-08-28T16:46:01.166209+00:00,200,https://www.ohhmyglo.com/products/free-monster-gift_-100,Face Tan Water Gift,
001d9d28-bbf0-57cf-9f6d-2ccd52e76c5cf05aea44,2252d7.myshopify.com,https://2252d7.myshopify.com/collections/all.atom,atom,25,2026-08-28T16:46:01.252825+00:00,200,https://dpkey.net/products/nintendo-switch-v2-guida-completa-2026-italiano-pdf,Nintendo Switch V2 - Guida Completa 2026 in Italiano PDF,
004connec.com,004connec.com,https://004connec.com/collections/all.atom,atom,25,2026-08-28T16:46:01.321122+00:00,200,https://004connec.com/products/evolve-fat-cap,EVOLVE Fat Cap,
004e99a3-1343-50b5-ab75-f3c0dc7d89027472f9ca,jafperfumes.com,https://jafperfumes.com/collections/all.atom,atom,14,2026-08-28T16:46:01.545219+00:00,200,https://jafperfumes.com/products/jaf-bundle-angelica-laceda-50ml,JAF Bundle – Angelica & Laceda 50ml,
00303349-5b1a-53c3-a6d8-921e67fb099ea6c36058,prgz15-wh.myshopify.com,https://prgz15-wh.myshopify.com/collections/all.atom,atom,9,2026-08-28T16:46:01.564359+00:00,200,https://prgz15-wh.myshopify.com/products/diszitett-betu-bross-bro%C8%99a-in-forma-de-litera-letter-shaped-brooch-copy-1,Asztali díszek| Decor de masă  | Table decoration,
0045eb8a-7871-5ec9-8164-a005323579e9c01c4ec5,skre-gear.myshopify.com,https://skre-gear.myshopify.com/collections/all.atom,atom,25,2026-08-28T16:46:01.679202+00:00,200,https://skregear.com/products/ridgeline-frame-pack,Ridgeline 5000 Frame Pack,
00485109-023d-49f5-a67c-9e0cff3ef360,0f03uj-mx.myshopify.com,https://0f03uj-mx.myshopify.com/collections/all.atom,atom,24,2026-08-28T16:46:01.852397+00:00,200,https://0f03uj-mx.myshopify.com/products/wide-bottom-matcha-bowl-handmade-set-with-spout-bamboo-whisk-and-chasen-holder-optional-1,Wide bottom Matcha Bowl. Handmade Set with Spout Bamboo Whisk and Chasen Holder optional,
0048fff6-45f1-5077-939c-6bb68c94c722e6e3cdd4,wellrootedteas.myshopify.com,https://wellrootedteas.myshopify.com/collections/all.atom,atom,25,2026-08-28T16:46:01.973786+00:00,200,https://wellrootedteas.com/products/seasonal-blends-subscription,Seasonal Blends Subscription,
00348450-5bbb-536b-9930-5895af4a9d5be4a38b28,1800gifters.myshopify.com,https://1800gifters.myshopify.com/collections/all.atom,atom,25,2026-08-28T16:46:02.051833+00:00,200,https://bloomingful.com/products/dried-bunny-tails-light-pink-115,Bunny Tails - Pink (115),
0047bd-e3.myshopify.com,0047bd-e3.myshopify.com,https://0047bd-e3.myshopify.com/collections/all.atom,atom,25,2026-08-28T16:46:02.177091+00:00,200,https://www.whimsysnv.com/products/cub-scouts-cake-topper-official-blue-gold-scout-logo-design-birthday-or-celebration-party-decoration-fits-quarter-sheet-cakes,Cub Scouts Cake Topper – Official Blue & Gold Scout Logo Design – Birthday or Celebration Party Decoration – Fits Quarter Sheet Cakes,
004ca813-c7fc-53e9-9e64-b4e043d9668c51e71be0,art-spiel-store.myshopify.com,https://art-spiel-store.myshopify.com/collections/all.atom,atom,25,2026-08-28T16:46:02.185030+00:00,200,https://art-spiel-store.myshopify.com/products/loren-eiferman-xylem,Loren Eiferman - Xylem,
003ea673-a54d-5aea-b3ec-6f7b5176a8323fba7263,chris-king-precision-components.myshopify.com,https://chris-king-precision-components.myshopify.com/collections/all.atom,atom,25,2026-08-28T16:46:02.207628+00:00,200,https://chrisking.com/products/artist-series-50th-anniversary-beer-glass,Make Mine a King 50th Anniversary Beer Glass,
0032381d-ce63-5a1d-8185-05e324c802feb8e20e6a,davidessexshop.myshopify.com,https://davidessexshop.myshopify.com/collections/all.atom,atom,23,2026-08-28T16:46:02.257279+00:00,200,https://davidessexshop.myshopify.com/products/brand-new-2027-calendar,BRAND NEW 2027 CALENDAR - PRE ORDER,
00246d-8e.myshopify.com,00246d-8e.myshopify.com,https://00246d-8e.myshopify.com/collections/all.atom,atom,25,2026-08-28T16:46:02.423033+00:00,200,https://www.olivestack.com/products/ballybunion-castle,Ballybunion Castle Micro Mosaic Pendant,
0043a2b7-d4ca-5261-91e4-5d248e2e9925a347dcd6,2wjxr0-1y.myshopify.com,https://2wjxr0-1y.myshopify.com/collections/all.atom,atom,25,2026-08-28T16:46:02.599083+00:00,200,https://tienda.latinastereo.com/products/camiseta-40-anos,Camiseta 40 años,
0042bc4e-8add-5155-b199-7757cbc266297a95bf4d,bts-decor.myshopify.com,https://bts-decor.myshopify.com/collections/all.atom,atom,25,2026-08-28T16:46:02.608373+00:00,200,https://bytheseadecor.com/products/whale-engraved-glassware,Whale Etched Wine Glass Boxed Set,
00536a-11.myshopify.com,00536a-11.myshopify.com,https://00536a-11.myshopify.com/collections/all.atom,atom,5,2026-08-28T16:46:02.666547+00:00,200,https://celestialbeautystudios.com/products/removal-training,Removal Training,
005e6b97-0a33-5990-b0f2-e6d899d68f1c874c0dab,oudarabiadubai.com,https://oudarabiadubai.com/collections/all.atom,atom,25,2026-08-28T16:46:02.720696+00:00,200,https://oudarabiadubai.com/products/dakhoon-100ml,Dakhoon (100ml),
00501cc4-7178-5830-b46c-e88300919ebf739d60af,ba7647-ce.myshopify.com,https://ba7647-ce.myshopify.com/collections/all.atom,atom,13,2026-08-28T16:46:02.843734+00:00,200,https://aahfstore.myshopify.com/products/2026_09_12-13-show-me-state-air-show-jefferson-city-mo-huey-lhfe,"2026_09_12 & 13 ~ Show Me State Air Show, Jefferson City, MO ~ Huey LHFE",
004e18f4-1911-5712-b909-7f056a9f44f057804f94,leipzigbeatzz.myshopify.com,https://leipzigbeatzz.myshopify.com/collections/all.atom,atom,1,2026-08-28T16:46:02.884037+00:00,200,https://leipzigbeatzz.myshopify.com/products/beatzz-vodka,BEATZZ VODKA,
0043e999-49f3-5c50-98d0-8f39a9946c9bc14de6a0,04d97e-2.myshopify.com,https://04d97e-2.myshopify.com/collections/all.atom,atom,25,2026-08-28T16:46:03.097238+00:00,200,https://www.lojaseletropolo.com.br/products/ducha-sublime-eletronica-4000w-220v-blindada-branca-zagonel,Ducha Sublime Eletrônica 4000W 220V Blindada Branca - Zagonel,
00568e.myshopify.com,00568e.myshopify.com,https://00568e.myshopify.com/collections/all.atom,atom,25,2026-08-28T16:46:03.155438+00:00,200,https://eddymcmanus.myshopify.com/products/galactic-mushroom-12-by-eddy-mcmanus,Galactic Mushroom Portal Shirt #11,
005f12ee-0990-595f-9939-42c955b32b413a5b9d8d,savagesupply.co,https://savagesupply.co/collections/all.atom,atom,25,2026-08-28T16:46:03.240620+00:00,200,https://www.savagesupply.co/products/scoobys-set-break-ls-tee-hemp,Scooby's Set Break Tee - Hemp,
00593122-6824-51a9-8089-7ffd5690af30ed3653b5,breakinatoms.myshopify.com,https://breakinatoms.myshopify.com/collections/all.atom,atom,25,2026-08-28T16:46:03.275250+00:00,200,https://www.breakinatoms.com/products/ispod-1785968647136,Titanium Steel Necklace,
005d0944-be13-5e29-b396-3da436c5f92c9eca4646,7a04c5-82.myshopify.com,https://7a04c5-82.myshopify.com/collections/all.atom,atom,4,2026-08-28T16:46:03.281614+00:00,200,https://7a04c5-82.myshopify.com/products/adventure-pack-fired-up-fire-starter-mylar-bag-3-4-fires,Adventure Pack Fired Up Fire Starter Mylar Bag (3-4 fires),
0036f192-c585-5084-82b2-dae99c0bd3dab6c7177f,allum-and-sidaway-bridal.myshopify.com,https://allum-and-sidaway-bridal.myshopify.com/collections/all.atom,atom,25,2026-08-28T16:46:03.291387+00:00,200,https://www.allumandsidawaybridal.co.uk/products/holland-park,Holland Park,
0044d08d-a481-5002-aa30-46fac65f0f1a3f057ede,ca030e-73.myshopify.com,https://ca030e-73.myshopify.com/collections/all.atom,atom,25,2026-08-28T16:46:03.431205+00:00,200,https://godblessdress.shop/products/marivelle-lace-detail-blouse,Marivelle Lace Detail Blouse,
006c991c-86f2-55aa-8660-54fcae0a7009bb9ee425,ramalacollections.com,https://ramalacollections.com/collections/all.atom,atom,25,2026-08-28T16:46:03.463897+00:00,200,https://ramalacollections.com/products/92-5-silver-with-gold-polish-bangle-top-rch1331,92.5 Silver with gold polish Bangle top- RCH1331,
003e6f22-b071-5d7a-8294-640be847e38e16ebd1e4,the-pepper-quest.myshopify.com,https://the-pepper-quest.myshopify.com/collections/all.atom,atom,25,2026-08-28T16:46:03.521747+00:00,200,https://www.thepepperquest.com/products/starting-mexico,Starting - Mexico,
003b6c39-01ef-5f1b-9446-563c0558fd04f659fd56,orkney-storehouse.myshopify.com,https://orkney-storehouse.myshopify.com/collections/all.atom,atom,25,2026-08-28T16:46:03.604789+00:00,200,https://orkneystorehouse.com/products/waxwing-homeware-gift-set,Waxwing Homeware Set,
005da440-f4a9-5cfc-b67d-78e61147f90235b31824,siglafurniture.myshopify.com,https://siglafurniture.myshopify.com/collections/all.atom,atom,25,2026-08-28T16:46:03.692007+00:00,200,https://shop.siglafurniture.com/products/versailles-acanthus-set,Versailles Acanthus Set,
0039society.com,0039society.com,https://0039society.com/collections/all.atom,atom,25,2026-08-28T16:46:03.847127+00:00,200,https://www.0039society.com/products/celine-sonnenbrille-kopie,Moncler Windbreaker 2,
004d2e1d-738c-5a09-b590-e8892c42cadc7f202cc4,vena.com.tr,https://vena.com.tr/collections/all.atom,atom,25,2026-08-28T16:46:03.865674+00:00,200,https://vena.com.tr/products/kadin-yakasi-burgu-detayli-viskon-bluz-siyah,Kadın Yakası Burgu Detaylı Viskon Bluz-Siyah,
004816c1-b1d1-511b-af6a-916419861c600dcdfe6b,tfhd10-qz.myshopify.com,https://tfhd10-qz.myshopify.com/collections/all.atom,atom,25,2026-08-28T16:46:03.891023+00:00,200,https://algenmarkt.de/products/raw-spirit-power-drink,ROHKOLA ALBA,
0067d714-817d-5cde-8123-51aeeafb22519130b220,giftool-online.myshopify.com,https://giftool-online.myshopify.com/collections/all.atom,atom,21,2026-08-28T16:46:03.941897+00:00,200,https://giftool-online.myshopify.com/products/xmas-m-2025,ギフトゥール【宝箱】クリスマス Mサイズ【2025年版】,
005b1d19-fee2-5b08-8892-4c439cf19603f7784755,ranifly-bikini.myshopify.com,https://ranifly-bikini.myshopify.com/collections/all.atom,atom,25,2026-08-28T16:46:03.976419+00:00,200,https://raniflybikini.com/products/miami-bottoms,MIAMI BOTTOMS,
0069b20e-6322-51c2-ae71-77c0893960fd7e24d058,five-stride-skate-shop.myshopify.com,https://five-stride-skate-shop.myshopify.com/collections/all.atom,atom,25,2026-08-28T16:46:04.031447+00:00,200,https://fivestride.com/products/bionic-artiste-toe-stop,Bionic Artiste Toe Stop,
0031shop.nl,0031shop.nl,https://0031shop.nl/collections/all.atom,atom,25,2026-08-28T16:46:04.037275+00:00,200,https://www.0031shop.nl/products/trixie-premio-tuna-bites-50-gr,Trixie Premio Tuna Bites 50 Gr,
00777158-93c5-55ce-b039-7ea91e9729cb79b2a970,sunextools.com,https://sunextools.com/collections/all.atom,atom,25,2026-08-28T16:46:04.181702+00:00,200,https://sunextools.com/products/3-8-dr-15mm-deep-universal-impact-socket,"3/8"" DRIVE 15MM DEEP UNIVERSAL IMPACT SOCKET",
00703b77-7011-57c6-99e5-1027ab266d2958ad067c,4c9bfa.myshopify.com,https://4c9bfa.myshopify.com/collections/all.atom,atom,25,2026-08-28T16:46:04.243651+00:00,200,https://dwixt.com/products/56x44-plastic-pallet-beverage,"56x44 Plastic Pallet – Beverage & Glass, 7-Runner",
005e1cf6-c648-5272-888d-78005f740d686e7137f9,7e03d6-7d.myshopify.com,https://7e03d6-7d.myshopify.com/collections/all.atom,atom,25,2026-08-28T16:46:04.355195+00:00,200,https://blessingsgrowmeadows.com/products/powdered-laundry-detergent-unscented,Powdered Laundry Detergent - Unscented,
006fb1dd-26b6-5101-a009-61c9bfec50d040904bf9,nurilens.myshopify.com,https://nurilens.myshopify.com/collections/all.atom,atom,25,2026-08-28T16:46:04.393228+00:00,200,https://nurilens.co/products/lu-rosewood-sun,Lu Rosewood Sun,
00514942-3f3d-4493-b992-04e11f152406,3d0ee4.myshopify.com,https://3d0ee4.myshopify.com/collections/all.atom,atom,25,2026-08-28T16:46:04.420523+00:00,200,https://nb08shop.com/products/t-shirt-meru-jacquemus-blanc-neuf,T-shirt Méru Jacquemus - Blanc - Neuf,
00667a5e-9b03-50e6-9eb5-4dcf3c6eb43df38feaba,clemson-legacy-designs.myshopify.com,https://clemson-legacy-designs.myshopify.com/collections/all.atom,atom,4,2026-08-28T16:46:04.611116+00:00,200,https://www.collegiatelegacydesigns.com/products/texas-a-m-decorative-wall-plaque,Texas A&M Class Ring Decorative Plaque,
0071821e-129b-517a-a3f0-100fc7df4d829cf1edb5,kegg-us.myshopify.com,https://kegg-us.myshopify.com/collections/all.atom,atom,6,2026-08-28T16:46:04.615732+00:00,200,https://kegg.tech/products/return-shipping,Return Shipping,
0072f441-9062-5955-bd95-5a527b6942a4ead0469d,merakiwraps.myshopify.com,https://merakiwraps.myshopify.com/collections/all.atom,atom,25,2026-08-28T16:46:04.718790+00:00,200,https://www.merakiwraps.com/products/garden-of-love-handmade-money-envelope-single-piece,Garden of Love Handmade Money Envelope (Single Piece),
004ad9b0-f1ec-58ab-b67e-85f2036649fa207b615c,tvbeugels-nl.myshopify.com,https://tvbeugels-nl.myshopify.com/collections/all.atom,atom,25,2026-08-28T16:46:04.770716+00:00,200,https://www.tvbeugels.nl/products/op-op-wolff-mount-universele-kantelbare-tv-muurbeugel-32-t-m-65-inch-vesa-600x400-kopie,Op=Op | Wolff Mount TV Muurbeugel voor Philips Ambilight 32 t/m 65 inch geschikt | VESA 600x400,
00710923-c1cb-52dd-be94-2f3ffddb38e6a2468955,yankee-1952.myshopify.com,https://yankee-1952.myshopify.com/collections/all.atom,atom,25,2026-08-28T16:46:04.784850+00:00,200,https://yankeefarmersmarket.com/products/fresh-thanksgiving-turkey-deposit,Fresh Thanksgiving Turkey (Deposit Only),
007airsoft.com,007airsoft.com,https://007airsoft.com/collections/all.atom,atom,25,2026-08-28T16:46:04.799996+00:00,200,https://www.007airsoft.com/products/amarok-am240k-mid-cap-mag-for-ak-240rd,Amarok AM240K Mid-Cap Mag for AK  (240rd),
0071b2.myshopify.com,0071b2.myshopify.com,https://0071b2.myshopify.com/collections/all.atom,atom,25,2026-08-28T16:46:04.811199+00:00,200,https://badgercollection.com/products/telefon-cantasi-cuzdan-anahtarlik-3lu-set-kampanyasi,Telefon Çantası + Cüzdan + Anahtarlık 3'lü Set Kampanyası,
0079f277-d870-52e3-9c0c-ca452c56b3e29bb1d91d,eyeglassdiscounter.myshopify.com,https://eyeglassdiscounter.myshopify.com/collections/all.atom,atom,25,2026-08-28T16:46:05.005564+00:00,200,https://eyeglassdiscounter.com/products/uncle-junior-large-xxl,Uncle Junior Large XXL,
006591a5-617e-5c73-98c0-53ae9ab7fa224f645adc,cherubina.com,https://cherubina.com/collections/all.atom,atom,25,2026-08-28T16:46:05.052446+00:00,200,https://cherubina.com/products/chaleco-norma,Chaleco Norma,
007airsoft.myshopify.com,007airsoft.myshopify.com,https://007airsoft.myshopify.com/collections/all.atom,atom,25,2026-08-28T16:46:05.158164+00:00,200,https://007airsoft.myshopify.com/products/amarok-am240k-mid-cap-mag-for-ak-240rd,Amarok AM240K Mid-Cap Mag for AK  (240rd),
007af973-29bc-508b-ab31-67555342f231b911c713,berkshire-jag-components.myshopify.com,https://berkshire-jag-components.myshopify.com/collections/all.atom,atom,25,2026-08-28T16:46:05.204761+00:00,200,https://www.berkshirejagcomponents.com/products/f-pace-5-0-v8-s-c-upper-inlet-manifold-gasket-aj811948,F Pace 5.0 V8 S/C Upper Inlet Manifold Gasket AJ811948,
0059f4c6-8745-5ca8-8464-ecc6ce5733ffaf11e953,legalizeitplus.myshopify.com,https://legalizeitplus.myshopify.com/collections/all.atom,atom,25,2026-08-28T16:46:05.214398+00:00,200,https://legalizeitplus.ro/products/jucarie-orb-retro-basket-ball-mini-arcade-machine-20x13cm,Jucarie 'ORB' Retro Basket Ball | Mini Arcade Machine - 20x13cm.,
007d8ff2-ccb0-5c3f-85cb-e79985bd28ba72973037,panda-camera-hk.myshopify.com,https://panda-camera-hk.myshopify.com/collections/all.atom,atom,25,2026-08-28T16:46:05.375074+00:00,200,https://www.pandacamera.com/products/fujifilm-instax-mini-pastel-galaxy-10-sheets-instant-color-film-purchase-limit-5-boxes,Fujifilm Instax Mini Instant Film (Pastel Galaxy) - 10 Sheets (Max 5 Boxes Per Order),
00856fef-98ad-5efe-aaab-ee73a0ef82a2243142f5,jockey.com.pk,https://jockey.com.pk/collections/all.atom,atom,25,2026-08-28T16:46:05.463774+00:00,200,https://jockey.com.pk/products/jockey%C2%AE-half-sleeves-pique-navy-polo-shirt,Jockey® Half Sleeves Pique Polo Shirt,
007cacbf-7138-5916-a331-32afc864d1dd256c77af,gopureorganics.myshopify.com,https://gopureorganics.myshopify.com/collections/all.atom,atom,25,2026-08-28T16:46:05.570365+00:00,200,https://shop.gopure.com/products/instant-lift-eye-gel-gopure,Instant Lift Eye Gel,
005df559-6ba7-58a1-b7b8-54a5ed9dfdd8159e301e,coton-rouge.myshopify.com,https://coton-rouge.myshopify.com/collections/all.atom,atom,25,2026-08-28T16:46:05.665956+00:00,200,https://cotonvert.com/products/le-sac-cabas-francais-en-coton-bio,Le grand sac cabas français en coton bio,
005a5f41-5fc6-5676-92d7-aae9bf045bed4e4efb5b,happycutiestudio.myshopify.com,https://happycutiestudio.myshopify.com/collections/all.atom,atom,25,2026-08-28T16:46:05.669412+00:00,200,https://happycutiestudio.com/products/koko-the-koala-is-watching-tv-planner-stickers-102538041,Koko the Koala Is Watching TV Planner Stickers,
00834ad7-1aa0-526c-9aa1-15adaea4d4990f53d992,www-justwatchme-net.myshopify.com,https://www-justwatchme-net.myshopify.com/collections/all.atom,atom,25,2026-08-28T16:46:05.696821+00:00,200,https://justwatchme.net/products/laco-862092-mulheim-an-der-ruhr-hand-winding-39,Laco 862092 MÜLHEIM AN DER RUHR Hand Winding 39,
008107cb-8a94-5489-bcc9-13e95408ca3d63029f8e,yellow-bee-india.myshopify.com,https://yellow-bee-india.myshopify.com/collections/all.atom,atom,25,2026-08-28T16:46:05.772704+00:00,200,https://yellowbee.online/products/yellow-bee-girls-disney-moana-12-rubber-bands-1-clutcher-with-flower-shaped-hair-brush-14-piece-combo-multicolourod817-combo107,"Yellow Bee Girls Disney Moana 12 Rubber Bands & 1 Clutcher with Flower Shaped Hair Brush – 14-Piece Combo, Multicolour",
0083c702-a110-5cb7-a2e8-5598804aa4d2f61f0081,cr-sheds.myshopify.com,https://cr-sheds.myshopify.com/collections/all.atom,atom,25,2026-08-28T16:46:05.774173+00:00,200,https://cr-sheds.myshopify.com/products/12x12-light-stone-insulated-utility-shed,12x12 Light Stone Insulated Utility Shed,
007e0d30-68c0-57e2-840b-0e565d58059b0fe62ab0,earlyvention.myshopify.com,https://earlyvention.myshopify.com/collections/all.atom,atom,3,2026-08-28T16:46:05.815584+00:00,200,https://www.earlyvention.com/products/sensory-exploration-box,Sensory Exploration Box,
00838d9d-6fb3-5a2a-9967-e7d6c495c2c9d5548d07,rt-fastor-default.myshopify.com,https://rt-fastor-default.myshopify.com/collections/all.atom,atom,25,2026-08-28T16:46:05.906359+00:00,200,https://rt-fastor-default.myshopify.com/products/checkered-shirt-with-long-sleeves-2,Checkered shirt with long sleeves,
008555b7-1648-5a40-89ca-842d99ec18d76d2f455e,centenoschultz.myshopify.com,https://centenoschultz.myshopify.com/collections/all.atom,atom,3,2026-08-28T16:46:05.953270+00:00,200,https://centenoschultz.myshopify.com/products/regenexx-liquid-advanced-stem-cell-support-formula-citrus-flavor,Regenexx Liquid Advanced Stem Cell Support Formula - Citrus Flavor,
008c4608-6639-566d-b671-43b01dc5ced572abbb60,desky.com,https://desky.com/collections/all.atom,atom,25,2026-08-28T16:46:06.017766+00:00,200,https://desky.com/products/almost-perfect-desky-dual-monitor-arm,Almost Perfect Desky Dual Monitor Arm,
007store.com,007store.com,https://007store.com/collections/all.atom,atom,25,2026-08-28T16:46:06.050505+00:00,200,https://007store.com/products/scalextric-james-bond-new-york-taxi-slot-car-live-and-let-die-edition,Scalextric James Bond New York Taxicab Slot Car - Live And Let Die Edition,
00877ce2-8648-5d1f-8a68-e2a4404b0313bf1a4fd9,good-foot-enterprises.myshopify.com,https://good-foot-enterprises.myshopify.com/collections/all.atom,atom,2,2026-08-28T16:46:06.057851+00:00,200,https://good-foot-enterprises.myshopify.com/products/memphis-map-for-elvis-fans,Memphis Map for Elvis Fans,
008ma.com,008ma.com,https://008ma.com/collections/all.atom,atom,25,2026-08-28T16:46:06.332777+00:00,200,https://008ma.com/products/%E3%82%BB%E3%82%A4%E3%82%B3%E3%83%BC-seiko-5-17%E7%9F%B3-%E8%87%AA%E5%8B%95%E5%B7%BB-automatic-38mm-seiko%E3%83%99%E3%83%AB%E3%83%88-ref-7009-876a-cal-7009a-1983%E5%B9%B4%E8%A3%BD%E9%80%A0-%E6%B5%B7%E5%A4%96%E4%BB%95%E6%A7%98,セイコー SEIKO 5 17石 自動巻 Automatic 38mm SEIKOベルト Ref.7009-876A Cal.7009A 1983年製造 海外仕様,
00878d45-4270-5320-8fb0-4a3be4d8ef751f717405,gabishoes.ro,https://gabishoes.ro/collections/all.atom,atom,25,2026-08-28T16:46:06.547979+00:00,200,https://gabishoes.ro/products/pantofi-dama-piele-naturala-lacuita-neagra-gabinna-4473-5,Pantofi Dama Piele Naturala Lacuita Neagra Gabinna 4473-5,
0078e9f9-b664-522b-963f-8255130d825ff9a70b32,mucin-mask-bg.myshopify.com,https://mucin-mask-bg.myshopify.com/collections/all.atom,atom,11,2026-08-28T16:46:06.615945+00:00,200,https://pure-skin.shop/products/%D1%87%D0%B5%D1%82%D0%BA%D0%B0-%D0%B7%D0%B0-%D0%BB%D0%B8%D0%BC%D1%84%D0%B5%D0%BD-%D0%BC%D0%B0%D1%81%D0%B0%D0%B6-%D0%BF%D1%80%D0%B8-%D0%BF%D0%BE%D0%B4%D0%BF%D1%83%D1%85%D0%BD%D0%B0%D0%BB%D0%BE-%D0%BB%D0%B8%D1%86%D0%B5,БОНУС! Четка за лимфен масаж при подпухнало лице,
008bbab5-c2d7-5755-9afb-26ea31adee6083aa1318,359ec9-2.myshopify.com,https://359ec9-2.myshopify.com/collections/all.atom,atom,25,2026-08-28T16:46:06.757407+00:00,200,https://n1-racing.com/products/hyundai-i20-nline-coilovers-suspension-kit-by-ksport-street-series,HYUNDAI I20 NLINE COILOVERS SUSPENSION KIT BY KSPORT STREET SERIES,
008aebe8-dd15-57f1-9bcc-b19e994cb7cbe89bc960,hdnycapperalstore.myshopify.com,https://hdnycapperalstore.myshopify.com/collections/all.atom,atom,25,2026-08-28T16:46:06.796173+00:00,200,https://www.hdnycsoho.com/products/harley-davidson-120th-anniversary-wool-varsity-jacket,Harley Davidson 120th Anniversary Wool Varsity Jacket,
00941788-4350-5707-88ce-bf30b713f7e2528098fe,parkssuperior.myshopify.com,https://parkssuperior.myshopify.com/collections/all.atom,atom,25,2026-08-28T16:46:06.867345+00:00,200,https://parkssuperior.myshopify.com/products/chrysler-pacifica-and-voyager-landau-side-panels,Chrysler Pacifica and Voyager Landau Side Panels,
007a8201-9603-4bd1-a5ac-426056620bed,aa88a6-29.myshopify.com,https://aa88a6-29.myshopify.com/collections/all.atom,atom,25,2026-08-28T16:46:06.880662+00:00,200,https://amletcandles.com/products/difusor-mikado-pina-colada,DIFUSOR MIKADO - PIÑA COLADA,
008c361f-575d-5921-8f88-bc463cfbd82b3335af90,mjz-intl.myshopify.com,https://mjz-intl.myshopify.com/collections/all.atom,atom,21,2026-08-28T16:46:06.899122+00:00,200,https://maisonmjz.com/products/demo-product,Demo Product,
007bd85d-45e0-5a6a-940e-e35c88b23b016ea57a62,trek-climb-fitness.myshopify.com,https://trek-climb-fitness.myshopify.com/collections/all.atom,atom,1,2026-08-28T16:46:06.916112+00:00,200,https://www.trekandclimbfitness.com/products/base-camp,Base Camp,
007ae0a4-35c1-5f78-a3f6-555e7580e8406878e820,rcpsych.myshopify.com,https://rcpsych.myshopify.com/collections/all.atom,atom,25,2026-08-28T16:46:06.921848+00:00,200,https://store.rcpsych.ac.uk/products/rcpsych-baseball-cap,RCPsych baseball cap,
007253-2.myshopify.com,007253-2.myshopify.com,https://007253-2.myshopify.com/collections/all.atom,atom,25,2026-08-28T16:46:06.948588+00:00,200,https://www.elras24.de/products/slider-v1-staubsaugerduse,Abverkauf Slider V1 Staubsaugerdüse,
008f0fbf-fd62-5a19-82bf-525105094892e3d4ff9a,bebff3-ed.myshopify.com,https://bebff3-ed.myshopify.com/collections/all.atom,atom,20,2026-08-28T16:46:06.979069+00:00,200,https://bebff3-ed.myshopify.com/products/1-4pcs-privacy-screen-protector-for-iphone-14-13-11-12-pro-max-mini-7-8-plus-anti-spy-protective-glass-for-iphone-15-x-xr-xs-max,1-4Pcs Privacy Screen Protector for iPhone 14 13 11 12 Pro Max Mini 7 8 Plus Anti-spy Protective Glass for iPhone 15 X XR XS MAX,
0092c1ff-9df6-5d9b-9fc9-93c6a08d1487fd420c60,romeo-kids.myshopify.com,https://romeo-kids.myshopify.com/collections/all.atom,atom,25,2026-08-28T16:46:07.125832+00:00,200,https://romeokids.com/products/balaca-para-nina-set-flores,Set 2 balacas para niña Clavel,
0073bc54-8382-55e1-a259-971b5db49538b6b4e9c4,kinetik-adrenalink.myshopify.com,https://kinetik-adrenalink.myshopify.com/collections/all.atom,atom,25,2026-08-28T16:46:07.279442+00:00,200,https://kinetikadrenalink.com/products/aerok-5-bandana-rosy,AEROK 5 BANDANA ROSY,
009ac8b8-e9d8-5a67-9b78-ae56888d6ffc40272642,masonsbritishmarket.com,https://masonsbritishmarket.com/collections/all.atom,atom,25,2026-08-28T16:46:07.351822+00:00,200,https://masonsbritishmarket.com/products/mcvities-milk-chocolate-digestive-large-300g,McVities Milk Chocolate Digestive Large 300g,
0085a884-93e3-5c7b-b7ad-cae3dd7170ceed5790ef,meomyearth.myshopify.com,https://meomyearth.myshopify.com/collections/all.atom,atom,25,2026-08-28T16:46:07.390737+00:00,200,https://meomyearth.com/products/giraffe-print-on-sage-ground-2pc-infant-toddler-tight-fitting-pajama-set,Giraffe print on sage ground 2pc infant/toddler tight fitting pajama set,
00a049e7-b6c2-5b68-9ddb-9d97d25eb31e3a7b75ee,studio-r330.com,https://studio-r330.com/collections/all.atom,atom,25,2026-08-28T16:46:07.428930+00:00,200,https://studio-r330.com/products/eco-loose-socks-khaki,Eco Loose Socks Khaki,
00952c84-2c5f-5748-bd7a-9d73de677cb74821fa72,0c5bb4-3d.myshopify.com,https://0c5bb4-3d.myshopify.com/collections/all.atom,atom,2,2026-08-28T16:46:07.436154+00:00,200,https://0c5bb4-3d.myshopify.com/products/mini-hats-garland-workshop,Mini Hats Garland Workshop,
0087ca41-8f86-5bc1-8aad-67be6c21cc53657dbc04,edenashram.com,https://edenashram.com/collections/all.atom,atom,25,2026-08-28T16:46:07.481978+00:00,200,https://www.edenashram.com/products/human-premium-rolled-sleeve-t-shirt,Human Premium Rolled Sleeve T-Shirt,
009767-a0.myshopify.com,009767-a0.myshopify.com,https://009767-a0.myshopify.com/collections/all.atom,atom,25,2026-08-28T16:46:07.568550+00:00,200,https://009767-a0.myshopify.com/products/crossfit-summa-womens-crop-tank-patriotic-edition,CrossFit Summa Women's Crop Tank — Patriotic Edition,
009440a9-9203-4142-908a-3907e72d0bc1,pulse-jigs.myshopify.com,https://pulse-jigs.myshopify.com/collections/all.atom,atom,25,2026-08-28T16:46:07.590846+00:00,200,https://pulsefish.com/products/pf-nugget-25mm,25mm PF Nugget (Pre-Sale),
007ff78f-a63c-417b-bebb-de3653a429a9,bc468f-3c.myshopify.com,https://bc468f-3c.myshopify.com/collections/all.atom,atom,25,2026-08-28T16:46:07.621489+00:00,200,https://theepicuriste.ch/products/harry-dog-car-seat-faux-leather-black,Harry Dog Car Seat - Faux Leather Black,
00967938-bfde-54b2-b8b7-9571e52f80a5766a5887,rad-bronco-parts.myshopify.com,https://rad-bronco-parts.myshopify.com/collections/all.atom,atom,25,2026-08-28T16:46:07.640172+00:00,200,https://radbroncoparts.com/products/3-inch-lift-zone-icon,"3"" Lift Kit for 2021–2025 Ford Bronco Base Models – ICON + Zone Offroad",
0097f77e-1816-5115-9ed2-04b999cdc51b7059afef,2ac090-2.myshopify.com,https://2ac090-2.myshopify.com/collections/all.atom,atom,25,2026-08-28T16:46:07.661917+00:00,200,https://2ac090-2.myshopify.com/products/flora-belle-halo-ring,Flora Belle Halo Ring,
00a53269-36ff-5f85-89c4-8ce83c8130299a0327a7,ilikeprofessional.com.br,https://ilikeprofessional.com.br/collections/all.atom,atom,25,2026-08-28T16:46:07.699430+00:00,200,https://ilikeprofessional.com.br/products/copia-essencials-sos-condicionador-800ml,Essencials SOS Condicionador - 800ml,
0091d418-2c64-56d4-a384-29fb9b40e2d53065b47b,suter-racing-products.myshopify.com,https://suter-racing-products.myshopify.com/collections/all.atom,atom,25,2026-08-28T16:46:07.837403+00:00,200,https://suterproducts.com/products/004-51152,Clutch Removal Tool Type 52,
008d29f3-162b-506f-addf-d03097050aba9eb20fe1,hiq-nature.myshopify.com,https://hiq-nature.myshopify.com/collections/all.atom,atom,3,2026-08-28T16:46:07.871601+00:00,200,https://hiq-nature.myshopify.com/products/hiq-ginseng-abo,Neue Produktion: HiQ Ginseng - Jahreskur 4x100 Kps - jetzt sparen!,
00a10f3b-84ad-51f5-8a8d-a48b5ea725e19d47d86f,mrgsts.myshopify.com,https://mrgsts.myshopify.com/collections/all.atom,atom,25,2026-08-28T16:46:08.271786+00:00,200,https://mrgsts.myshopify.com/products/stacked-diagonal-lure-coursing-t-shirts-light,Diagonal Stacked Lure Coursing T-Shirts - Light,
009b0f59-c412-5260-a823-7e4772c504f788926d82,ocun-au.myshopify.com,https://ocun-au.myshopify.com/collections/all.atom,atom,25,2026-08-28T16:46:08.288836+00:00,200,https://ocun.com.au/products/ocun-shoulder-strap-crashpad,Ocun Shoulder Strap Crashpad,
008ca510-b843-58ea-97b4-4edc6d2209a0d6707f1d,877d06-3.myshopify.com,https://877d06-3.myshopify.com/collections/all.atom,atom,25,2026-08-28T16:46:08.313935+00:00,200,https://lovelygiftsfelicia.nl/products/ripple-zeepschaaltje,Ripple Zeepschaaltje,
007c4a0b-a288-534a-bbfd-6311c68f3de65ccf6da0,silly-2.myshopify.com,https://silly-2.myshopify.com/collections/all.atom,atom,25,2026-08-28T16:46:08.469168+00:00,200,https://silly.si/products/otroska-dvojna-peresnica-pencil-case-double-jeune-premier-cherry-pompon,Otroška dvojna peresnica Pencil Case Double Jeune Premier - Cherry PomPon,
00a0b658-db5b-5c22-93b3-f50263ad77fe67d4dada,augusta-golf-cars.myshopify.com,https://augusta-golf-cars.myshopify.com/collections/all.atom,atom,25,2026-08-28T16:46:08.471786+00:00,200,https://augustagolfcars.com/products/gtw%C2%AE-godfather-chrome-14-in-wheels-with-225-50-r14-fusion-str-dot-approved-street-tires-full-set,GTW® Godfather Chrome 14 in Wheels with 225/50-R14 Fusion STR DOT Approved Street Tires - Full Set,
009f5278-7e38-58a3-8a78-79023c0c74852550bcd4,confortpiedsdz.com,https://confortpiedsdz.com/collections/all.atom,atom,25,2026-08-28T16:46:08.488105+00:00,200,https://www.confortpiedsdz.com/products/%D9%84%D9%88%D8%AD%D8%A9-%D8%A8%D9%88%D8%B1%D8%AA%D8%B1%D9%8A%D9%87-%D9%85%D8%B1%D8%B3%D9%88%D9%85%D8%A9-%D9%85%D9%86-%D8%B5%D9%88%D8%B1%D8%AA%D9%83-%D8%A5%D8%B7%D8%A7%D8%B1-%D9%81%D8%A7%D8%AE%D8%B1,لوحة بورتريه مرسومة من صورتك — إطار فاخر,
00a59f-bd.myshopify.com,00a59f-bd.myshopify.com,https://00a59f-bd.myshopify.com/collections/all.atom,atom,14,2026-08-28T16:46:08.571068+00:00,200,https://00a59f-bd.myshopify.com/products/spa-gift-certificate,Spa Gift Certificate,
007befae-3898-5e70-8a69-468a7ffa124ad7768fa9,939f54.myshopify.com,https://939f54.myshopify.com/collections/all.atom,atom,13,2026-08-28T16:46:08.619018+00:00,200,https://www.liamigo.de/products/sanddollar-beige,Sanddollar Beige,
00acb9-3.myshopify.com,00acb9-3.myshopify.com,https://00acb9-3.myshopify.com/collections/all.atom,atom,17,2026-08-28T16:46:08.703062+00:00,200,https://00acb9-3.myshopify.com/products/license-plate-sticker,License Plate Sticker,
009a5e91-cd76-5a82-ae2e-255a88c672f8961bfe5d,wellness-reggie.myshopify.com,https://wellness-reggie.myshopify.com/collections/all.atom,atom,25,2026-08-28T16:46:08.721549+00:00,200,https://wellness-reggie.co.jp/products/%E8%BF%91%E6%97%A5%E7%99%BA%E5%A3%B2%E4%BA%88%E5%AE%9A-%E5%AF%BF%E9%85%A2-%E4%B8%AD%E9%87%8E%E9%85%A2-900ml-6%E6%9C%AC%E3%82%BB%E3%83%83%E3%83%88-%E9%80%81%E6%96%99%E7%84%A1%E6%96%99,寿酢（中野酢）900ml　6本セット【送料無料】,
007f4b68-76d5-5ae3-8e14-86924866984e4a151710,kitchentools.ro,https://kitchentools.ro/collections/all.atom,atom,25,2026-08-28T16:46:08.792342+00:00,200,https://www.kitchentools.ro/products/capac-32cm-din-sticla-termorezistent-potrivit-pentru-cratita-tigaie,"Capac 32cm din sticla termorezistent, potrivit pentru cratita/tigaie",
00a71c24-0319-55e2-9801-05fb48b907fb1359a8c2,proud-farmer.myshopify.com,https://proud-farmer.myshopify.com/collections/all.atom,atom,25,2026-08-28T16:46:08.838653+00:00,200,https://proudfarmerorganics.com/products/kesari-mango,Kesari Mango,
00b2c2df-56cd-5ef0-a3a5-52e7479fa8a0e352ec04,hillkiller.com,https://hillkiller.com/collections/all.atom,atom,25,2026-08-28T16:46:08.870997+00:00,200,https://hillkiller.com/products/hydra-tall-1,NEW Hydra TALL,
00a-golf.jp,00a-golf.jp,https://00a-golf.jp/collections/all.atom,atom,25,2026-08-28T16:46:08.885104+00:00,200,https://00a-golf.jp/products/%E3%83%88%E3%83%AC%E3%83%B3%E3%83%89%E3%83%AA%E3%83%9C%E3%83%B3%E5%9E%8B%E3%83%99%E3%83%AB%E3%83%88-black,トレンドリボン型ベルト（BLACK）,
00a66c2c-d8e6-586b-906d-046519c5966969b8aafb,homebody-boutique.myshopify.com,https://homebody-boutique.myshopify.com/collections/all.atom,atom,25,2026-08-28T16:46:08.979653+00:00,200,https://shop.homebodyboutique.com/products/socks-are-you-fuc-ng-kidding-me,Socks :  Are You Fuc**ng Kidding Me?,
009da546-c8eb-583f-8ae1-5bdc363e7b52d0b23d19,salufast.com,https://salufast.com/collections/all.atom,atom,25,2026-08-28T16:46:09.088396+00:00,200,https://salufast.com/products/maxi-pack-fastenbox-ayurveda-fur-5-personen,Maxi-Pack Fastenbox Ayurveda - für 5 Personen,
00b25ff4-4f0d-56f4-a9ac-3871f745e535f843bf87,lakshminiketan.in,https://lakshminiketan.in/collections/all.atom,atom,25,2026-08-28T16:46:09.111958+00:00,200,https://lakshminiketan.in/products/k235-rust-orange-mulchanderi-suit-set,K235 Rust orange mulchanderi suit set,
00a5d9ce-fc19-5a75-b5f5-a503e23b7a95507036ea,b79bdc-2.myshopify.com,https://b79bdc-2.myshopify.com/collections/all.atom,atom,25,2026-08-28T16:46:09.120695+00:00,200,https://parts-osaka.com/products/yuichi-toyama-u-128rs-col-02,U-128RS col.02,
008b848a-d2d9-5faf-9bca-db9589d5d4c394b56471,melvin-hamilton.de,https://melvin-hamilton.de/collections/all.atom,atom,25,2026-08-28T16:46:09.152528+00:00,200,https://www.melvin-hamilton.de/products/lewis-26-crock-black-crust-stone,Lewis 26,
00a8d5c2-9c23-5017-899d-a370561d0af6e1fb5782,epic-displays.myshopify.com,https://epic-displays.myshopify.com/collections/all.atom,atom,25,2026-08-28T16:46:09.207884+00:00,200,https://www.epicdisplays.com/products/fast-trak-6-tabletop-display,Fast Trak™ Folding Panel Tabletop Display · 6′ wide,
00b0ee57-016e-5fd7-be1c-0ddec4e1be2a1a7034ed,killerjeansstore.myshopify.com,https://killerjeansstore.myshopify.com/collections/all.atom,atom,25,2026-08-28T16:46:09.265857+00:00,200,https://www.killerjeans.com/products/ss2025-billinaire-265-fsnslm-prtmlt,Tropical Abstract Print Casual Shirt – Green,
00a71a45-d5c3-5fdc-adfb-002decde76e33e678fb4,oslo-hair-and-beauty.myshopify.com,https://oslo-hair-and-beauty.myshopify.com/collections/all.atom,atom,2,2026-08-28T16:46:09.318370+00:00,200,https://oslo-hair-and-beauty.myshopify.com/products/oslo%C2%AE-e-gift-voucher,OSLO® E-Gift Voucher,
00b4f87c-355b-594a-a376-99962e931523cdc290e7,cindystarfall.myshopify.com,https://cindystarfall.myshopify.com/collections/all.atom,atom,16,2026-08-28T16:46:09.566158+00:00,200,https://cindystarfall.myshopify.com/products/live-phone-call,Live Phone Call,
0038e776-e7b7-5484-bd92-7ab65c33f53514353c44,sarlotesaudumi.lv,https://sarlotesaudumi.lv/collections/all.atom,atom,25,2026-08-28T16:46:09.593827+00:00,200,https://sarlotesaudumi.lv/products/teddy-fliss-ziedi-uz-gaisa-fona,Teddy flīss-ziedi uz gaiša fona,
009ec956-0dcc-5aa3-bda9-61a9df0ac85572a780f0,metallographic.myshopify.com,https://metallographic.myshopify.com/collections/all.atom,atom,25,2026-08-28T16:46:09.679700+00:00,200,https://shop.metallographic.com/products/mag-b200,"200 mm MAGNETON Magnetic Base Plate with PSA  backed, MAG-B200",
00c218b6-81d7-561b-879b-a17ea781dc603b96c57e,sagamorepub.com,https://sagamorepub.com/collections/all.atom,atom,25,2026-08-28T16:46:09.790810+00:00,200,https://sagamorepub.com/products/taking-the-initiative-ii,Taking the Initiative II,
00bc5887-d929-534f-970f-7345c678dfaf0e0fa65d,thelightingoutlet.com.au,https://thelightingoutlet.com.au/collections/all.atom,atom,25,2026-08-28T16:46:09.802615+00:00,200,https://thelightingoutlet.com.au/products/mecto-indoor-wall-light-in-matte-black-matte-white-or-matte-gold-natural,"Mecto Indoor Wall Light in Matte Black, Matte White or Matte Gold Natural",
008be5c3-b40d-563d-9cba-278896df1233c8fe2f9a,carpetwarehouse.co.uk,https://carpetwarehouse.co.uk/collections/all.atom,atom,25,2026-08-28T16:46:09.970276+00:00,200,https://carpetwarehouse.co.uk/products/highland-12mm-plank-laminate-flooring,Highland 12mm Plank Laminate Flooring,
0098872c-dde0-50bf-ba42-8ca51c5cc5858a59fcc9,aspire-ecig-uk.myshopify.com,https://aspire-ecig-uk.myshopify.com/collections/all.atom,atom,25,2026-08-28T16:46:10.146310+00:00,200,https://www.aspireeciguk.co.uk/products/nautilus-3sr-replacement-glass,Nautilus 3SR Replacement Glass,
00b8c712-dfdf-5689-955b-fb4768f35cd406240aa6,trendlypk.myshopify.com,https://trendlypk.myshopify.com/collections/all.atom,atom,25,2026-08-28T16:46:10.164405+00:00,200,https://trendly.pk/products/turbo-flex-360-flexible-faucet-sprayer,Turbo Flex 360 Flexible Faucet Sprayer,
00bdaa.myshopify.com,00bdaa.myshopify.com,https://00bdaa.myshopify.com/collections/all.atom,atom,25,2026-08-28T16:46:10.225546+00:00,200,https://00bdaa.myshopify.com/products/acapulco-tone-1v3,Acapulco Tone 1v3,
00ba5ef8-bf81-5add-9805-cd888278ba11ee986e54,water-lock-usa.myshopify.com,https://water-lock-usa.myshopify.com/collections/all.atom,atom,25,2026-08-28T16:46:10.279853+00:00,200,https://artofgutter.com/products/waterlock-micromesh-fits-5-half-round-gutters-sample-free-shipping-1,"Waterlock Micromesh - Fits 5"" Half Round Gutters - Sample (Free Shipping)",
0099ebd9-71c7-5e6d-a877-ebb5656a25033213604f,7fa01b.myshopify.com,https://7fa01b.myshopify.com/collections/all.atom,atom,25,2026-08-28T16:46:10.335761+00:00,200,https://exc-beauty.com/products/st-family-premium-touch-hyaluronic-acid,ST Family Premium Touch Hyaluronic Acid,
00bfa9-30.myshopify.com,00bfa9-30.myshopify.com,https://00bfa9-30.myshopify.com/collections/all.atom,atom,13,2026-08-28T16:46:10.337598+00:00,200,https://00bfa9-30.myshopify.com/products/silver-mazra-keychain,Silver Mazra Keychain,
00b36785-560a-5cb6-b3c5-04683f50ff78085dd147,new-high-glass-store.myshopify.com,https://new-high-glass-store.myshopify.com/collections/all.atom,atom,25,2026-08-28T16:46:10.352671+00:00,200,https://www.newhigh.com/products/verbena-fragrance,Verbena Fragrance,
00bf66a4-5d16-5220-ae4e-6f8deef59397c863111a,3846fe-ff.myshopify.com,https://3846fe-ff.myshopify.com/collections/all.atom,atom,25,2026-08-28T16:46:10.453203+00:00,200,https://www.romco.com.br/products/ford-bronco-xlt-1993,Ford Bronco XLT 1993,
00b9be27-a7f5-5ccd-b8d3-761d53ddd613bab65007,bdacf2-3.myshopify.com,https://bdacf2-3.myshopify.com/collections/all.atom,atom,25,2026-08-28T16:46:10.471142+00:00,200,https://www.evatashabeauty.com/products/travel-hair-bag-bundle,Hair Renewal Travel Bundle,
00c25d4a-ebaa-5e27-b238-bbcd63050f9d68a726ef,chuck-prophet.myshopify.com,https://chuck-prophet.myshopify.com/collections/all.atom,atom,25,2026-08-28T16:46:10.485692+00:00,200,https://chuck-prophet.myshopify.com/products/cp17vinyl,"Night Surfer 7"" Singles Collection",
00b22752-7ca5-5966-857e-c43fdca68098988adcf5,the-artisan-butcher.myshopify.com,https://the-artisan-butcher.myshopify.com/collections/all.atom,atom,25,2026-08-28T16:46:10.528748+00:00,200,https://theartisanbutcher.com/products/sirloin-roasting-joint-offer,Beef Sirloin Joint Offer - Only 26.95 per kg!,
00ba748e-1f21-56cd-b311-7b77d2efd9e5d9551633,4e3ec3-e5.myshopify.com,https://4e3ec3-e5.myshopify.com/collections/all.atom,atom,5,2026-08-28T16:46:10.559271+00:00,200,https://yugi.md/products/yugi-de-migdale-cu-zmeura,YUGI de Migdale cu Zmeură,
00d0ac0b-8662-51de-b375-2f21741da650b3c8e920,fashionnsio.com,https://fashionnsio.com/collections/all.atom,atom,25,2026-08-28T16:46:10.569544+00:00,200,https://fashionnsio.com/products/diamond-bow-necklace-set,Diamond Bow Necklace Set,
00ad1eb9-0fa7-5877-ab2b-a347d42841e10bdf3138,dreams-to-reality-design-ltd.myshopify.com,https://dreams-to-reality-design-ltd.myshopify.com/collections/all.atom,atom,25,2026-08-28T16:46:10.619434+00:00,200,https://lovelumi.co.uk/products/personalised-engraved-measure-stemmed-wine-glass,Personalised Engraved Measure Stemmed Wine Glass,
00c5097e-fe38-5460-9b84-91020df84ce0def365c5,ulrikatapioblind-print.myshopify.com,https://ulrikatapioblind-print.myshopify.com/collections/all.atom,atom,24,2026-08-28T16:46:10.638514+00:00,200,https://ulrikatapioblind-print.myshopify.com/products/newborn,Newborn,
00a7ead5-d406-52db-959a-4ac1f29c0a848bf691b3,2931d2-3.myshopify.com,https://2931d2-3.myshopify.com/collections/all.atom,atom,11,2026-08-28T16:46:10.858419+00:00,200,https://libelien.it/products/qi-silk-body-serum,QI Silk Body Serum,
00c0e7ca-6a9e-57d4-9168-b940d14e9dcbf86ad183,belleek-us.myshopify.com,https://belleek-us.myshopify.com/collections/all.atom,atom,25,2026-08-28T16:46:10.993712+00:00,200,https://us.belleek.com/products/belleek-classic-ardagh-trophy-mayo-2026,Belleek Classic Ardagh Trophy - Mayo 2026,
00c4562b-5a0a-4e0b-8999-95ae4c7b254d,lakshmiayurveda.myshopify.com,https://lakshmiayurveda.myshopify.com/collections/all.atom,atom,25,2026-08-28T16:46:11.003924+00:00,200,https://www.lakshmiayurveda.com.au/products/student-consultation,Student Consultation,
00cbce1f-d37e-58cd-8b00-cd963ca9689b0fe981ca,turn-13-motorsports.myshopify.com,https://turn-13-motorsports.myshopify.com/collections/all.atom,atom,6,2026-08-28T16:46:11.026432+00:00,200,https://turn-13-motorsports.myshopify.com/products/2008-r6-velocity-stacks,2008+ R6 Velocity Stacks,
00af926d-632e-5c67-bd84-2d337e0e93d4d4f82ce7,7d7794.myshopify.com,https://7d7794.myshopify.com/collections/all.atom,atom,12,2026-08-28T16:46:11.057697+00:00,200,https://weareselene.com/products/never-better-utm_source-utm_campaign-tof-utm_medium-paid-social-utm_content-never-better,Never Better Tincture,
00c56239-796c-523f-8f48-9c9036262cc618b545a2,uwasa-japan.myshopify.com,https://uwasa-japan.myshopify.com/collections/all.atom,atom,25,2026-08-28T16:46:11.113284+00:00,200,https://uwasamarutaka.com/products/%E5%A4%A7%E4%BA%BA%E3%81%AE%E4%BD%93%E6%93%8D%E6%9C%8D-%E3%83%87%E3%83%AB%E3%82%BF%EF%BD%94%E3%82%B7%E3%83%A3%E3%83%84-%E3%82%B3%E3%83%94%E3%83%BC,大人の体操服　TMCＴシャツ,
00b24105-4469-5c54-a457-8effc341eed67bb15c45,509f95-3.myshopify.com,https://509f95-3.myshopify.com/collections/all.atom,atom,25,2026-08-28T16:46:11.225561+00:00,200,https://spaochpoolbutiken.se/products/robotvac-orinoco-sladdlos-automatisk-poolrobot,RobotVac Orinoco – Sladdlös automatisk poolrobot,
00d99ece-45dd-540b-9d44-59d8ed48e1a6bef851da,srianujewellers.com,https://srianujewellers.com/collections/all.atom,atom,25,2026-08-28T16:46:11.274163+00:00,200,https://srianujewellers.com/products/traditional-antique-finish-temple-design-jhumka-earrings,Antique Temple Design Jhumka Earrings,
00d78072-2cda-50cb-931e-c260175528d3d8ed5b89,biologica.com,https://biologica.com/collections/all.atom,atom,5,2026-08-28T16:46:11.294880+00:00,200,https://biologica.com/products/prenatal-essentials,Prenatal Essentials,
00b5a9d5-fd51-5375-a77e-123aac227a8e0161729c,lethalcosmetics.myshopify.com,https://lethalcosmetics.myshopify.com/collections/all.atom,atom,25,2026-08-28T16:46:11.556748+00:00,200,https://lethalcosmetics.com/products/festival-mystery-kit,Festival Mystery Kit,
00b7a812-ccd7-5b8f-ae9d-7b6f4e507de8dd2a0d8a,abelhinhas-pets.myshopify.com,https://abelhinhas-pets.myshopify.com/collections/all.atom,atom,25,2026-08-28T16:46:11.675769+00:00,200,https://www.abelhinhaspets.com.br/products/addons-first-2jtr68,Garantia Extendida,
00d1da29-2266-5035-b283-6afd73b7e998c35a45f5,wildcatwearhouse.myshopify.com,https://wildcatwearhouse.myshopify.com/collections/all.atom,atom,25,2026-08-28T16:46:11.744301+00:00,200,https://wildcatwearhouse.myshopify.com/products/baker-wildcats-10-charlie-bear-w-tee,"Baker Wildcats 10"" Charlie Bear w/ Tee",
00d38d35-128a-548c-8493-bffb08bcbac35e87c16a,intuitivebliss333.myshopify.com,https://intuitivebliss333.myshopify.com/collections/all.atom,atom,25,2026-08-28T16:46:11.793126+00:00,200,https://in2uitivebliss.com/products/sound-bath-wellness-rising,4/26/26 Harmonizing Sound Healing,
00d098-4.myshopify.com,00d098-4.myshopify.com,https://00d098-4.myshopify.com/collections/all.atom,atom,25,2026-08-28T16:46:11.835805+00:00,200,https://zoediy.com/products/multi-color-mushroom-metal-topper-beads-for-diy-beadable-pens-no-dolls-or-santa-hats,"Multi-color Mushroom Metal Topper Beads  For DIY Beadable Pens,No Dolls Or Santa Hats",
00b7bf90-b66b-5b2d-9d01-ec9789b7e90ae819ed47,alexsyberiadesigns.myshopify.com,https://alexsyberiadesigns.myshopify.com/collections/all.atom,atom,25,2026-08-28T16:46:11.886222+00:00,200,https://alexsyberiadesigns.co.uk/products/smile-and-wave-stamp,Smile and Wave Stamp Set,
00d16a21-f3d2-5313-a4e4-076359aa8cfa91bb1ff8,vkas9p-mu.myshopify.com,https://vkas9p-mu.myshopify.com/collections/all.atom,atom,25,2026-08-28T16:46:11.901894+00:00,200,https://hausofkhayi.com/products/relaxed-fit-burgundy-two-piece-set-button-up-shirt-pants,Relaxed Fit Two-Piece Set with Button-Up Shirt and Pants in Burgundy,
00cae89f-e522-575c-b8e6-fac3b49b9e62923856bf,carbonized-records.myshopify.com,https://carbonized-records.myshopify.com/collections/all.atom,atom,25,2026-08-28T16:46:11.913750+00:00,200,https://carbonizedrecords.com/products/desiccation-legatum-mortuorum-cd,Desiccation - Legatum Mortuorum CD,
00d30532-7dc3-5463-a50f-890ee790cb97d3509bac,alfred-la.myshopify.com,https://alfred-la.myshopify.com/collections/all.atom,atom,25,2026-08-28T16:46:11.952682+00:00,200,https://alfred.la/products/palisades-forever-mug,Palisades Forever Mug,
00d552d7-cab9-57a0-8579-2124c705f77aa92f5e79,total-body-care-me-online.myshopify.com,https://total-body-care-me-online.myshopify.com/collections/all.atom,atom,23,2026-08-28T16:46:12.186379+00:00,200,https://total-body-care-me-online.myshopify.com/products/me-soapset,me soap set,
00dce5bc-3cb7-5a6f-9e7f-b31094adccff0777eac7,postal-petals.myshopify.com,https://postal-petals.myshopify.com/collections/all.atom,atom,25,2026-08-28T16:46:12.238457+00:00,200,https://postal-petals.myshopify.com/products/bloom-baby-bloom,"Bloom, Baby, Bloom",
00d19acc-4628-5409-8f02-0b5e695eb9d61ed6a30b,spring-street-boutique.myshopify.com,https://spring-street-boutique.myshopify.com/collections/all.atom,atom,15,2026-08-28T16:46:12.313766+00:00,200,https://springstreetbtq.com/products/color-block-mix-texture-waffle-patchwork-oversize-sweatshirt,Color Block Mix Texture Waffle Patchwork Oversize Sweatshirt,
00dcda68-6381-51a0-bab9-29804f86bd31becdb9d1,loch-ross-farms.myshopify.com,https://loch-ross-farms.myshopify.com/collections/all.atom,atom,25,2026-08-28T16:46:12.432723+00:00,200,https://lochrossfarms.com/products/loofa-goats-milk-soap,Loofa Goat's Milk Soap,
00ddbea9-a8cc-5843-b838-b38aeceb373d3d750eb1,psychedelic-purr.myshopify.com,https://psychedelic-purr.myshopify.com/collections/all.atom,atom,25,2026-08-28T16:46:12.438860+00:00,200,https://psychedelicpurr.com/products/womens-angel-muscle-tank,Women's Angel Muscle Tank,
00d8ee06-1022-5b2e-8258-618b419b63e1a2c35d6b,inmorale.myshopify.com,https://inmorale.myshopify.com/collections/all.atom,atom,25,2026-08-28T16:46:12.476342+00:00,200,https://larubiainmoral.com/products/persefone-copia,Buzo Azul,
00b85f35-604d-58a0-b7ce-92a84be2680bda0aaf5e,4d2ba1-3.myshopify.com,https://4d2ba1-3.myshopify.com/collections/all.atom,atom,25,2026-08-28T16:46:12.577382+00:00,200,https://viyanakitabevi.at/products/huzur-ahmet-hamdi-tanpinar,Huzur- Ahmet Hamdi Tanpınar,
00b83c84-5af5-5212-95e8-5f1f1dddfe00c07f9935,mellipou1.myshopify.com,https://mellipou1.myshopify.com/collections/all.atom,atom,25,2026-08-28T16:46:12.639006+00:00,200,https://mellipou.com/products/coffret-bebe-doudou-lange-cape-de-bain-leonard,"Coffret bébé : doudou lange, cape de bain - Léonard",
00cff3b3-17da-5a33-abdb-d3f0b3ca081f19fe762d,5b63ff-44.myshopify.com,https://5b63ff-44.myshopify.com/collections/all.atom,atom,25,2026-08-28T16:46:12.679893+00:00,200,https://5b63ff-44.myshopify.com/products/sapiente-combo,Sapiente Combo,
00e1777f-c631-505e-812d-150245c14eed2987d312,silvers-stables-gear.myshopify.com,https://silvers-stables-gear.myshopify.com/collections/all.atom,atom,25,2026-08-28T16:46:12.716161+00:00,200,https://silvers-stables-gear.myshopify.com/products/accent-coffee-mug-11-15oz,"Accent Coffee Mug (11, 15oz)",
00c192b4-cbd4-5d7f-976c-fb8fc803e92fe133a0d6,unnu-health.myshopify.com,https://unnu-health.myshopify.com/collections/all.atom,atom,25,2026-08-28T16:46:12.761482+00:00,200,https://unnu.health/products/menopause-boost-box-hormonal-balance-skin-joints-stress-energy-calcium,"Menopauze Boost Box: Hormonale balans, huid, gewrichten, stress, energie & calcium",
00911283-c756-5922-99cc-5ddf19a6eaa562bffcf4,designhousestockholm.no,https://designhousestockholm.no/collections/all.atom,atom,25,2026-08-28T16:46:12.798203+00:00,200,https://designhousestockholm.com/products/step-stepladder-limited-edition-klein-blue,Step Stepladder - Klein Blue,
00dfa898-e51e-5168-9b43-28f342f8a116e2f56096,oneboldchemist.com,https://oneboldchemist.com/collections/all.atom,atom,25,2026-08-28T16:46:12.917793+00:00,200,https://oneboldchemist.com/products/zosimos-109-0,Zosimos 109.0,
00e25225-dd18-5980-93ba-ae06a392cd36175c90ff,talkingradio-net.myshopify.com,https://talkingradio-net.myshopify.com/collections/all.atom,atom,25,2026-08-28T16:46:13.014298+00:00,200,https://talkingradio.net/products/offshore-english-for-oil-and-gas-industry,Offshore English for Oil and Gas Industry,
00d77d7a-32fa-57f5-8f6a-66ff7e22b3d3863c7d7c,daraq-store-8012.myshopify.com,https://daraq-store-8012.myshopify.com/collections/all.atom,atom,25,2026-08-28T16:46:13.215394+00:00,200,https://daraq.store/products/american-crew-anti-hair-loss-shampoo-1000ml,American Crew Anti-Hair Loss saç tökülməsinə qarşı şampun 1000 ml,
00e26548-88d1-5cc2-a8d1-089e9122e3f35a586cd4,polara-golf.myshopify.com,https://polara-golf.myshopify.com/collections/all.atom,atom,25,2026-08-28T16:46:14.012904+00:00,200,https://www.polaragolf.com/products/bundles,Bundles,
00d22bc2-8d24-5ac9-b5d4-f786c6bbb4ce9146ef75,schafstour.myshopify.com,https://schafstour.myshopify.com/collections/all.atom,atom,18,2026-08-28T16:46:14.399989+00:00,200,https://www.schafstour.de/products/plan-in-bester-gesellschaft-in-karlsruhe,Plan - In bester GesellSCHAFt in Karlsruhe,
00df1678-41b6-587f-8f62-e64089904e36ac4cde37,s0n5a2-i4.myshopify.com,https://s0n5a2-i4.myshopify.com/collections/all.atom,atom,6,2026-08-28T16:46:14.460751+00:00,200,https://www.rawcanvas.co.uk/products/paper-colour-test-print,Paper & Colour Test Print,
00d70836-b794-5fbf-bebe-4739d9f17abbf1052f86,paztorras.com,https://paztorras.com/collections/all.atom,atom,25,2026-08-28T16:46:14.762994+00:00,200,https://paztorras.com/products/blusa-de-mujer-estampada-cuello-pico,Blusa de mujer estampada cuello pico,
